ARe_EN_e_02,ARe_EN_e_02
ARe_EN_e_03,ARe_EN_e_03
ARe_EN_e_05,ARe_EN_e_05
ARe_EN_e_06,ARe_EN_e_06
BCe_EN_e_10,BCe_EN_e_10
BCe_EN_e_11,BCe_EN_e_11
BCe_EN_e_12,BCe_EN_e_12
BCe_EN_e_13,BCe_EN_e_13
BCe_EN_e_02,BCe_EN_e_02
BCe_EN_e_03,BCe_EN_e_03
BCe_EN_e_04,BCe_EN_e_04
BCe_EN_e_05,BCe_EN_e_05
BCe_EN_e_06,BCe_EN_e_06
BCe_EN_e_07,BCe_EN_e_07
BCe_EN_e_09,BCe_EN_e_09
BOe_EN_e_01,BOe_EN_e_01
BOe_EN_e_02,BOe_EN_e_02
BOe_EN_e_03,BOe_EN_e_03
BOe_EN_e_05,BOe_EN_e_05
BOe_EN_e_06,BOe_EN_e_06
BTe_EN_e_01,BTe_EN_e_01
BTe_EN_e_02,BTe_EN_e_02
BTe_EN_e_04,BTe_EN_e_04
BTe_EN_e_05,BTe_EN_e_05
BTe_EN_e_06,BTe_EN_e_06
CIe_EN_e_01,CIe_EN_e_01
CIe_EN_e_03,CIe_EN_e_03
CIe_EN_e_04,CIe_EN_e_04
CIe_EN_e_05,CIe_EN_e_05
CSe_EN_e_01,CSe_EN_e_01
CSe_EN_e_02,CSe_EN_e_02
CSe_EN_e_03,CSe_EN_e_03
CSe_EN_e_04,CSe_EN_e_04
CSe_EN_e_05,CSe_EN_e_05
CSe_EN_e_06,CSe_EN_e_06
CVe_EN_e_01,CVe_EN_e_01
CVe_EN_e_02,CVe_EN_e_02
CVe_EN_e_03,CVe_EN_e_03
CVe_EN_e_05,CVe_EN_e_05
CVe_EN_e_06,CVe_EN_e_06
GOe_EN_e_01,GOe_EN_e_01
GOe_EN_e_02,GOe_EN_e_02
GOe_EN_e_03,GOe_EN_e_03
GOe_EN_e_05,GOe_EN_e_05
HLe_EN_e_01,HLe_EN_e_01
HLe_EN_e_02,HLe_EN_e_02
HLe_EN_e_03,HLe_EN_e_03
HLe_EN_e_04,HLe_EN_e_04
HLe_EN_e_05,HLe_EN_e_05
JOe_EN_e_02,JOe_EN_e_02
JOe_EN_e_03,JOe_EN_e_03
JOe_EN_e_04,JOe_EN_e_04
JOe_EN_e_05,JOe_EN_e_05
JTe_EN_e_02,JTe_EN_e_02
JTe_EN_e_03,JTe_EN_e_03
JTe_EN_e_04,JTe_EN_e_04
JTe_EN_e_05,JTe_EN_e_05
JTe_EN_e_06,JTe_EN_e_06
LAe_EN_e_01,LAe_EN_e_01
LAe_EN_e_03,LAe_EN_e_03
LAe_EN_e_05,LAe_EN_e_05
LAe_EN_e_06,LAe_EN_e_06
LOe_EN_e_01,LOe_EN_e_01
LOe_EN_e_02,LOe_EN_e_02
LOe_EN_e_03,LOe_EN_e_03
LTe_EN_e_04,LTe_EN_e_04
LTe_EN_e_05,LTe_EN_e_05
LTe_EN_e_06,LTe_EN_e_06
NIe_EN_e_01,NIe_EN_e_01
NIe_EN_e_03,NIe_EN_e_03
NIe_EN_e_04,NIe_EN_e_04
NIe_EN_e_05,NIe_EN_e_05
NIe_EN_e_06,NIe_EN_e_06
OOe_EN_e_01,OOe_EN_e_01
OOe_EN_e_02,OOe_EN_e_02
OOe_EN_e_04,OOe_EN_e_04
OOe_EN_e_05,OOe_EN_e_05
OTe_EN_e_01,OTe_EN_e_01
OTe_EN_e_03,OTe_EN_e_03
RSe_EN_e_01,RSe_EN_e_01
RSe_EN_e_02,RSe_EN_e_02
RSe_EN_e_05,RSe_EN_e_05
STe_EN_e_10,STe_EN_e_10
STe_EN_e_11,STe_EN_e_11
STe_EN_e_12,STe_EN_e_12
SJe_EN_e_01,SJe_EN_e_01
SJe_EN_e_02,SJe_EN_e_02
SJe_EN_e_03,SJe_EN_e_03
SJe_EN_e_04,SJe_EN_e_04
SJe_EN_e_05,SJe_EN_e_05
SJe_EN_e_06,SJe_EN_e_06
STe_EN_e_07,STe_EN_e_07
STe_EN_e_08,STe_EN_e_08
STe_EN_e_09,STe_EN_e_09
SLe_EN_e_04,SLe_EN_e_04
SLe_EN_e_05,SLe_EN_e_05
TOe_EN_e_04,TOe_EN_e_04
TOe_EN_e_06,TOe_EN_e_06
TUe_EN_e_01,TUe_EN_e_01
TUe_EN_e_04,TUe_EN_e_04
TUe_EN_e_06,TUe_EN_e_06
TUe_EN_e_07,TUe_EN_e_07
UNe_EN_e_01,UNe_EN_e_01
UNe_EN_e_02,UNe_EN_e_02
UOe_EN_e_01,UOe_EN_e_01
UOe_EN_e_03,UOe_EN_e_03
UOe_EN_e_04,UOe_EN_e_04
UOe_EN_e_05,UOe_EN_e_05
UTe_EN_e_01,UTe_EN_e_01
UTe_EN_e_02,UTe_EN_e_02
UTe_EN_e_03,UTe_EN_e_03
UTe_EN_e_04,UTe_EN_e_04
UTe_EN_e_05,UTe_EN_e_05
BOU_EN_C_01,BOU_EN_C_01
BOU_EN_C_02,BOU_EN_C_02
BOU_EN_C_03,BOU_EN_C_03
MAL_EN_C_01,MAL_EN_C_01
MAL_EN_C_02,MAL_EN_C_02
MAL_EN_C_03,MAL_EN_C_03
MAL_EN_C_04,MAL_EN_C_04
MAL_EN_C_05,MAL_EN_C_05
MAL_EN_C_06,MAL_EN_C_06
MOB_EN_C_01,MOB_EN_C_01
MOB_EN_C_02,MOB_EN_C_02
MOB_EN_C_03,MOB_EN_C_03
MOB_EN_C_04,MOB_EN_C_04
MOB_EN_C_05,MOB_EN_C_05
MOB_EN_C_06,MOB_EN_C_06
MOB_EN_C_07,MOB_EN_C_07
REN_EN_C_01,REN_EN_C_01
REN_EN_C_02,REN_EN_C_02
RGG_EN_C_01,RGG_EN_C_01
RGG_EN_C_03,RGG_EN_C_03
RGG_EN_C_04,RGG_EN_C_04
RGG_EN_C_05,RGG_EN_C_05
RGG_EN_C_06,RGG_EN_C_06
RGG_EN_C_07,RGG_EN_C_07
TES_EN_C_01,TES_EN_C_01
TES_EN_C_02,TES_EN_C_02
TES_EN_C_03,TES_EN_C_03
TES_EN_C_04,TES_EN_C_04
TES_EN_C_05,TES_EN_C_05
TES_EN_C_06,TES_EN_C_06
TES_EN_C_07,TES_EN_C_07
BRG_EN_F_01,BRG_EN_F_01
BRG_EN_F_02,BRG_EN_F_02
BRG_EN_F_03,BRG_EN_F_03
GUN_EN_F_04,GUN_EN_F_04
GUN_EN_F_05,GUN_EN_F_05
GUN_EN_F_07,GUN_EN_F_07
LIM_EN_F_03,LIM_EN_F_03
LIM_EN_F_04,LIM_EN_F_04
MEE_EN_F_04,MEE_EN_F_04
MEE_EN_F_05,MEE_EN_F_05
MEE_EN_F_06,MEE_EN_F_06
MEE_EN_F_07,MEE_EN_F_07
SLV_EN_F_06,SLV_EN_F_06
TRE_EN_F_01,TRE_EN_F_01
TRE_EN_F_02,TRE_EN_F_02
TRE_EN_F_04,TRE_EN_F_04
TRE_EN_F_05,TRE_EN_F_05
TRE_EN_F_06,TRE_EN_F_06
TRE_EN_F_07,TRE_EN_F_07
TRQ_EN_F_01,TRQ_EN_F_01
TRQ_EN_F_02,TRQ_EN_F_02
TRQ_EN_F_03,TRQ_EN_F_03
TRQ_EN_F_04,TRQ_EN_F_04
TRQ_EN_F_05,TRQ_EN_F_05
TRQ_EN_F_06,TRQ_EN_F_06
TRQ_EN_F_07,TRQ_EN_F_07
MOB_EN_G_01,MOB_EN_G_01
MOB_EN_G_03,MOB_EN_G_03
MOB_EN_G_04,MOB_EN_G_04
MOB_EN_G_05,MOB_EN_G_05
MOB_EN_G_06,MOB_EN_G_06
MOB_EN_G_07,MOB_EN_G_07
REN_EN_H_01,REN_EN_H_01
REN_EN_H_03,REN_EN_H_03
REN_EN_H_05,REN_EN_H_05
MAL_EN_M_01,MAL_EN_M_01
MAL_EN_M_02,MAL_EN_M_02
MAL_EN_M_03,MAL_EN_M_03
MAL_EN_M_04,MAL_EN_M_04
MAL_EN_M_05,MAL_EN_M_05
MAL_EN_M_06,MAL_EN_M_06
MAL_EN_M_07,MAL_EN_M_07
SLV_EN_M_01,SLV_EN_M_01
SLV_EN_M_02,SLV_EN_M_02
SLV_EN_M_03,SLV_EN_M_03
SLV_EN_M_04,SLV_EN_M_04
SLV_EN_M_05,SLV_EN_M_05
SLV_EN_M_06,SLV_EN_M_06
SLV_EN_M_07,SLV_EN_M_07
SNM_EN_M_01,SNM_EN_M_01
SNM_EN_M_02,SNM_EN_M_02
SNM_EN_M_03,SNM_EN_M_03
SNM_EN_M_04,SNM_EN_M_04
SNM_EN_M_07,SNM_EN_M_07
TES_EN_M_02,TES_EN_M_02
TES_EN_M_03,TES_EN_M_03
TES_EN_M_04,TES_EN_M_04
TES_EN_M_05,TES_EN_M_05
TES_EN_M_06,TES_EN_M_06
TES_EN_M_07,TES_EN_M_07
DRY_EN_N_01,DRY_EN_N_01
DRY_EN_N_02,DRY_EN_N_02
DRY_EN_N_03,DRY_EN_N_03
DRY_EN_N_04,DRY_EN_N_04
DRY_EN_N_05,DRY_EN_N_05
DRY_EN_N_06,DRY_EN_N_06
DRY_EN_N_07,DRY_EN_N_07
MAL_EN_N_02,MAL_EN_N_02
MAL_EN_N_03,MAL_EN_N_03
MAL_EN_N_05,MAL_EN_N_05
MAL_EN_N_07,MAL_EN_N_07
TES_EN_N_01,TES_EN_N_01
TES_EN_N_02,TES_EN_N_02
TES_EN_N_03,TES_EN_N_03
TES_EN_N_05,TES_EN_N_05
TES_EN_N_06,TES_EN_N_06
TES_EN_N_07,TES_EN_N_07
SLV_EN_O_01,SLV_EN_O_01
SLV_EN_O_03,SLV_EN_O_03
SLV_EN_O_05,SLV_EN_O_05
SLV_EN_O_07,SLV_EN_O_07
ABQ_EN_S_04,ABQ_EN_S_04
ABQ_EN_S_07,ABQ_EN_S_07
BOU_EN_S_01,BOU_EN_S_01
BOU_EN_S_02,BOU_EN_S_02
BOU_EN_S_03,BOU_EN_S_03
LOG_EN_S_01,LOG_EN_S_01
LOG_EN_S_03,LOG_EN_S_03
LOG_EN_S_06,LOG_EN_S_06
LOG_EN_S_07,LOG_EN_S_07
MOB_EN_S_01,MOB_EN_S_01
MOB_EN_S_02,MOB_EN_S_02
MOB_EN_S_04,MOB_EN_S_04
MOB_EN_S_05,MOB_EN_S_05
MOB_EN_S_06,MOB_EN_S_06
MOB_EN_S_07,MOB_EN_S_07
REN_EN_S_01,REN_EN_S_01
REN_EN_S_02,REN_EN_S_02
REN_EN_S_03,REN_EN_S_03
REN_EN_S_04,REN_EN_S_04
REN_EN_S_05,REN_EN_S_05
RGG_EN_S_01,RGG_EN_S_01
RGG_EN_S_02,RGG_EN_S_02
RGG_EN_S_04,RGG_EN_S_04
RGG_EN_S_05,RGG_EN_S_05
RGG_EN_S_06,RGG_EN_S_06
RGG_EN_S_07,RGG_EN_S_07
TES_EN_S_01,TES_EN_S_01
TES_EN_S_02,TES_EN_S_02
TES_EN_S_04,TES_EN_S_04
TES_EN_S_05,TES_EN_S_05
TES_EN_S_07,TES_EN_S_07
PAS_EN_X_01,PAS_EN_X_01
PAS_EN_X_04,PAS_EN_X_04
PAS_EN_X_07,PAS_EN_X_07